epoch,time,train/loss,metrics/accuracy_top1,metrics/accuracy_top5,val/loss,lr/pg0,lr/pg1,lr/pg2
1,80.0178,0.84595,0.89189,1,0.34806,0.000368972,0.000368972,0.000368972
2,157.544,0.44113,0.85811,1,0.31103,0.000724667,0.000724667,0.000724667
3,246.452,0.42122,0.85811,1,0.37794,0.0010657,0.0010657,0.0010657
4,335.86,0.4363,0.85811,1,0.44437,0.00104501,0.00104501,0.00104501
5,426.23,0.37017,0.91216,1,0.25527,0.00102301,0.00102301,0.00102301
6,515.719,0.33801,0.89865,1,0.32184,0.00100101,0.00100101,0.00100101
7,605.136,0.28507,0.89865,1,0.24591,0.000979013,0.000979013,0.000979013
8,700.68,0.26891,0.93919,1,0.15856,0.000957015,0.000957015,0.000957015
